data_base;Renda Muito Baixa;Renda Baixa;Renda Média-Baixa;Renda Média;Renda Média-Alta;Renda Alta
01/01/2020;100.0;100.0;100.0;100.0;100.0;100.0
01/02/2020;99.89;100.02;99.72;99.81;99.93;99.65
01/03/2020;101.22;101.36;101.05;101.41;101.2;101.0
01/04/2020;104.02;104.06;103.87;104.56;104.04;103.85
01/05/2020;104.1;104.09;103.81;104.82;104.04;104.14
01/06/2020;104.98;104.8;104.62;105.29;104.68;105.02
01/07/2020;105.26;104.9;104.87;105.42;104.94;105.04
01/08/2020;106.09;105.38;105.72;106.13;105.86;105.72
01/09/2020;107.45;107.07;107.1;107.57;107.21;107.31
01/10/2020;109.37;109.23;109.4;109.9;109.15;109.92
01/11/2020;111.77;111.81;111.8;112.92;111.55;112.42
01/12/2020;113.84;113.98;114.07;115.03;113.8;114.6
01/01/2021;115.4;115.49;115.46;116.68;115.35;116.4
01/02/2021;116.63;116.41;116.6;117.85;116.21;117.33
01/03/2021;117.32;116.59;116.96;117.85;116.66;117.38
01/04/2021;117.58;116.66;116.74;117.84;116.62;117.24
01/05/2021;117.36;116.73;116.46;117.57;116.27;117.19
01/06/2021;117.32;116.76;116.65;117.3;116.21;117.26
01/07/2021;118.58;118.25;118.16;118.62;117.34;118.95
01/08/2021;120.91;120.5;120.71;121.17;119.68;121.69
01/09/2021;121.95;121.44;121.9;122.48;120.85;122.95
01/10/2021;122.99;122.17;122.43;123.57;121.82;123.61
01/11/2021;123.47;122.19;122.97;124.2;122.35;123.78
01/12/2021;125.22;123.74;124.94;126.21;124.54;125.46
01/01/2022;127.38;126.32;127.34;128.91;127.02;127.97
01/02/2022;130.5;129.87;130.13;132.25;129.87;131.12
01/03/2022;133.51;133.11;132.95;135.61;132.99;134.34
01/04/2022;135.31;135.43;134.81;137.47;135.0;136.8
01/05/2022;135.98;136.08;135.8;137.79;135.65;137.84
01/06/2022;136.04;136.27;136.16;137.57;135.8;138.45
01/07/2022;136.33;136.61;136.48;137.57;136.26;139.03
01/08/2022;136.82;136.25;136.41;137.76;136.78;138.61
01/09/2022;137.45;136.32;137.05;138.43;137.87;138.72
01/10/2022;139.37;138.14;139.31;140.98;140.18;141.28
01/11/2022;140.95;139.45;140.68;142.98;141.82;142.7
01/12/2022;142.22;140.37;141.55;144.07;142.67;143.82
01/01/2023;144.86;143.32;144.11;146.75;145.05;146.66
01/02/2023;145.7;144.33;144.98;147.18;145.59;147.18
01/03/2023;146.49;145.21;146.02;148.03;146.5;147.88
01/04/2023;147.91;147.07;147.74;149.66;147.75;149.42
01/05/2023;147.47;146.94;147.0;149.06;146.88;149.08
01/06/2023;145.96;145.32;145.3;147.2;145.63;147.68
01/07/2023;145.16;144.42;144.72;146.84;145.02;146.98
01/08/2023;144.25;142.81;143.46;145.89;144.34;145.35
01/09/2023;143.57;141.56;142.44;145.03;143.4;144.17
01/10/2023;144.67;142.47;143.47;146.52;144.32;145.41
01/11/2023;145.66;143.62;144.46;147.74;145.34;146.23
01/12/2023;148.57;147.01;147.27;151.02;147.75;149.83
01/01/2024;151.47;150.0;149.5;154.02;150.59;152.6
01/02/2024;152.19;150.82;150.15;154.95;151.45;153.12
01/03/2024;153.73;152.22;152.17;156.93;153.14;154.69
01/04/2024;154.65;152.79;153.09;158.0;154.08;155.5
01/05/2024;154.44;152.79;152.68;157.98;153.92;155.62
01/06/2024;154.28;152.65;152.56;157.76;153.8;155.9
01/07/2024;152.45;150.45;150.54;155.36;151.96;153.7
01/08/2024;151.87;149.91;150.62;154.74;151.71;153.17
01/09/2024;152.79;150.35;151.39;155.3;152.3;153.5
01/10/2024;154.98;152.39;153.6;158.23;154.27;155.71
01/11/2024;157.52;155.01;156.55;161.62;156.81;158.69
01/12/2024;158.95;156.81;158.24;163.14;158.16;159.93
01/01/2025;161.23;159.22;160.55;165.39;160.54;162.18
01/02/2025;161.47;159.45;160.31;165.12;160.7;162.03
01/03/2025;162.86;160.8;161.41;166.73;162.09;163.28
01/04/2025;163.8;161.72;162.32;167.89;163.41;164.57
01/05/2025;163.26;161.19;161.65;167.04;162.8;163.86
01/06/2025;162.3;160.51;160.91;166.07;161.91;163.39
01/07/2025;162.22;160.81;161.86;166.07;161.96;164.22
01/08/2025;162.12;160.94;161.76;165.97;161.81;164.09
01/09/2025;161.68;159.72;160.58;164.99;161.24;162.61
01/10/2025;161.52;159.74;160.37;165.09;161.23;162.29
01/11/2025;161.86;160.12;160.77;165.63;161.45;162.76
01/12/2025;162.85;160.87;161.93;166.89;162.44;163.61
01/01/2026;164.54;162.95;163.86;169.14;164.24;165.59
01/02/2026;164.59;163.58;164.12;169.14;164.37;165.77
01/03/2026;167.03;166.48;166.73;172.0;167.04;168.72
01/04/2026;169.36;169.26;168.75;174.76;168.97;171.03
01/05/2026;170.3;171.0;169.78;176.63;170.12;173.32
01/06/2026;170.01;170.98;169.55;176.24;169.7;173.41
01/07/2026;168.99;169.15;168.28;174.54;168.54;171.67
01/08/2026;169.16;168.53;167.81;173.85;168.31;170.63
01/09/2026;170.44;169.71;168.77;175.74;169.69;172.26
